{
	"format_version": "1.9.0",
	"credit": "Made with Blockbench",
	"texture_size": [64, 64],
	"textures": {
		"0": "calurosanavidad:block/inflatable_pool_texture",
		"particle": "calurosanavidad:block/inflatable_pool_texture"
	},
	"elements": [
		{
			"name": "base",
			"from": [0, 0, 0],
			"to": [16, 1, 16],
			"rotation": {"angle": 0, "axis": "y", "origin": [7, 0, 7]},
			"faces": {
				"north": {"uv": [7.5, 4, 11.5, 4.25], "texture": "#0"},
				"east": {"uv": [7.5, 4.25, 11.5, 4.5], "texture": "#0"},
				"south": {"uv": [7.5, 4.5, 11.5, 4.75], "texture": "#0"},
				"west": {"uv": [7.5, 4.75, 11.5, 5], "texture": "#0"},
				"up": {"uv": [4, 4, 0, 0], "texture": "#0"},
				"down": {"uv": [4, 4, 0, 8], "texture": "#0"}
			}
		},
		{
			"from": [0, 1, 0],
			"to": [16, 5, 1],
			"rotation": {"angle": 0, "axis": "y", "origin": [0, 1, 0]},
			"faces": {
				"north": {"uv": [4, 0, 8, 1], "texture": "#0"},
				"east": {"uv": [0.25, 8, 0.5, 9], "texture": "#0"},
				"south": {"uv": [4, 1, 8, 2], "texture": "#0"},
				"west": {"uv": [0.5, 8, 0.75, 9], "texture": "#0"},
				"up": {"uv": [11.5, 5.25, 7.5, 5], "texture": "#0"},
				"down": {"uv": [11.5, 5.25, 7.5, 5.5], "texture": "#0"}
			}
		},
		{
			"from": [0, 1, 15],
			"to": [16, 5, 16],
			"rotation": {"angle": 0, "axis": "y", "origin": [0, 1, 15]},
			"faces": {
				"north": {"uv": [4, 2, 8, 3], "texture": "#0"},
				"east": {"uv": [0.75, 8, 1, 9], "texture": "#0"},
				"south": {"uv": [4, 3, 8, 4], "texture": "#0"},
				"west": {"uv": [1, 8, 1.25, 9], "texture": "#0"},
				"up": {"uv": [11.5, 5.75, 7.5, 5.5], "texture": "#0"},
				"down": {"uv": [11.5, 5.75, 7.5, 6], "texture": "#0"}
			}
		},
		{
			"from": [15, 1, 1],
			"to": [16, 5, 15],
			"rotation": {"angle": 0, "axis": "y", "origin": [0, 1, 15]},
			"faces": {
				"north": {"uv": [1.25, 8, 1.5, 9], "texture": "#0"},
				"east": {"uv": [4, 4, 7.5, 5], "texture": "#0"},
				"south": {"uv": [1.5, 8, 1.75, 9], "texture": "#0"},
				"west": {"uv": [4, 5, 7.5, 6], "texture": "#0"},
				"up": {"uv": [7.75, 9.5, 7.5, 6], "texture": "#0"},
				"down": {"uv": [8, 6, 7.75, 9.5], "texture": "#0"}
			}
		},
		{
			"from": [0, 1, 1],
			"to": [1, 5, 15],
			"rotation": {"angle": 0, "axis": "y", "origin": [-15, 1, 15]},
			"faces": {
				"north": {"uv": [1.75, 8, 2, 9], "texture": "#0"},
				"east": {"uv": [4, 6, 7.5, 7], "texture": "#0"},
				"south": {"uv": [2, 8, 2.25, 9], "texture": "#0"},
				"west": {"uv": [4, 7, 7.5, 8], "texture": "#0"},
				"up": {"uv": [0.25, 11.5, 0, 8], "texture": "#0"},
				"down": {"uv": [8.25, 0, 8, 3.5], "texture": "#0"}
			}
		}
	],
	"display": {
		"thirdperson_righthand": {
			"translation": [0, 4, 0],
			"scale": [0.5, 0.5, 0.5]
		},
		"thirdperson_lefthand": {
			"translation": [0, 4, 0],
			"scale": [0.5, 0.5, 0.5]
		},
		"firstperson_righthand": {
			"translation": [0, 5, 0],
			"scale": [0.5, 0.5, 0.5]
		},
		"firstperson_lefthand": {
			"translation": [0, 5, 0],
			"scale": [0.5, 0.5, 0.5]
		},
		"ground": {
			"translation": [0, 1.5, 0],
			"scale": [0.5, 0.5, 0.5]
		},
		"gui": {
			"rotation": [30, -26, 0],
			"translation": [0, 3.25, 0],
			"scale": [0.75, 0.75, 0.75]
		},
		"head": {
			"translation": [0, 1.5, 0]
		},
		"fixed": {
			"translation": [0, -3.25, -1],
			"scale": [0.5, 0.5, 0.5]
		},
		"on_shelf": {
			"translation": [0, 0, 3.5]
		}
	}
}